{
  "name": "A189H",
  "type": "C51",
  "dependenceList": [],
  "srcDirs": [],
  "virtualFolder": {
    "name": "<virtual_root>",
    "files": [],
    "folders": [
      {
        "name": "APP",
        "files": [
          {
            "path": "App/APP_KEY.c"
          },
          {
            "path": "App/APP_Lamp.c"
          },
          {
            "path": "App/APP_LED_Display.c"
          },
          {
            "path": "App/APP_log.c"
          },
          {
            "path": "App/APP_RF_TXRX.c"
          },
          {
            "path": "App/APP_Show_Display.c"
          },
          {
            "path": "App/APP_WDT.c"
          },
          {
            "path": "App/APP.c"
          },
          {
            "path": "App/bsp_spi.c"
          },
          {
            "path": "App/bsp_um2052.c"
          },
          {
            "path": "App/Coway_display.c"
          },
          {
            "path": "App/radio24G.c"
          }
        ],
        "folders": []
      },
      {
        "name": "Driver",
        "files": [
          {
            "path": "Driver/src/STC8G_H_Delay.c"
          },
          {
            "path": "Driver/src/STC8G_H_NVIC.c"
          },
          {
            "path": "Driver/src/STC8G_H_Timer.c"
          },
          {
            "path": "Driver/src/STC8G_H_UART.c"
          },
          {
            "path": "Driver/src/STC8G_H_WDT.c"
          },
          {
            "path": "Driver/src/STC8G_H_ALL_Exti.c"
          }
        ],
        "folders": []
      },
      {
        "name": "ISR",
        "files": [
          {
            "path": "Driver/isr/STC8G_H_GPIO_Isr.c"
          },
          {
            "path": "Driver/isr/STC8G_H_Timer_Isr.c"
          },
          {
            "path": "Driver/isr/STC8G_H_UART_Isr.c"
          },
          {
            "path": "Driver/isr/STC8G_H_ALL_Exti_Isr.c"
          }
        ],
        "folders": []
      },
      {
        "name": "User",
        "files": [
          {
            "path": "User/Main.c"
          },
          {
            "path": "User/System_init.c"
          },
          {
            "path": "User/Task.c"
          }
        ],
        "folders": []
      }
    ]
  },
  "outDir": "build",
  "deviceName": null,
  "packDir": null,
  "miscInfo": {
    "uid": "4a149b1a3fbe108d9678641e1c05370c"
  },
  "targets": {
    "Target 1": {
      "excludeList": [],
      "toolchain": "Keil_C51",
      "compileConfig": {
        "options": "null"
      },
      "uploader": "Custom",
      "uploadConfig": {
        "bin": "",
        "commandLine": "",
        "eraseChipCommand": ""
      },
      "uploadConfigMap": {},
      "custom_dep": {
        "name": "default",
        "incList": [
          "C:/Program Files/Keil_5/C51/INC/STC",
          "Driver/inc",
          "User",
          "App"
        ],
        "libList": [],
        "sourceDirList": [],
        "defineList": []
      }
    }
  },
  "version": "3.3"
}